[
	{
		"id": "1",
		"title": "Polera básica",
		"description": "Polera de algodón 100% para uso diario",
		"code": "TSHIRT1",
		"price": 12000,
		"status": true,
		"stock": 20,
		"category": "Poleras",
		"thumbnails": [
			"polera1.jpg",
			"polera2.jpg",
			"polera3.jpg"
		]
	},
	{
		"id": "2",
		"title": "Jeans Slim Fit",
		"description": "Jeans ajustados de mezclilla azul",
		"code": "JEANS1",
		"price": 25000,
		"status": true,
		"stock": 15,
		"category": "Pantalones",
		"thumbnails": [
			"jeans1.jpg",
			"jeans2.jpg",
			"jeans3.jpg"
		]
	},
	{
		"id": "3",
		"title": "Chaqueta de cuero",
		"description": "Chaqueta de cuero sintético, estilo biker",
		"code": "JACKET1",
		"price": 45000,
		"status": true,
		"stock": 10,
		"category": "Chaquetas",
		"thumbnails": [
			"chaqueta1.jpg",
			"chaqueta2.jpg",
			"chaqueta3.jpg"
		]
	},
	{
		"id": "4",
		"title": "Zapatillas deportivas",
		"description": "Zapatillas ligeras para running y entrenamiento",
		"code": "SHOES1",
		"price": 35000,
		"status": true,
		"stock": 12,
		"category": "Calzado",
		"thumbnails": [
			"zapatillas1.jpg",
			"zapatillas2.jpg",
			"zapatillas3.jpg"
		]
	},
	{
		"id": "5",
		"title": "Sweater de lana",
		"description": "Sweater abrigado de lana para invierno",
		"code": "SWEATER1",
		"price": 28000,
		"status": true,
		"stock": 8,
		"category": "Abrigos",
		"thumbnails": [
			"sweater1.jpg",
			"sweater2.jpg",
			"sweater3.jpg"
		]
	},
	{
		"id": "6",
		"title": "Vestido casual",
		"description": "Vestido de algodón cómodo para el día a día",
		"code": "DRESS1",
		"price": 32000,
		"status": true,
		"stock": 10,
		"category": "Vestidos",
		"thumbnails": [
			"vestido1.jpg",
			"vestido2.jpg",
			"vestido3.jpg"
		]
	},
	{
		"id": "7",
		"title": "Bufanda de lana",
		"description": "Bufanda gruesa de lana para invierno",
		"code": "SCARF1",
		"price": 15000,
		"status": true,
		"stock": 18,
		"category": "Accesorios",
		"thumbnails": [
			"bufanda1.jpg",
			"bufanda2.jpg",
			"bufanda3.jpg"
		]
	},
	{
		"id": "8",
		"title": "Gorro de lana",
		"description": "Gorro tejido de lana, ideal para el frío",
		"code": "HAT1",
		"price": 12000,
		"status": true,
		"stock": 25,
		"category": "Accesorios",
		"thumbnails": [
			"gorro1.jpg",
			"gorro2.jpg",
			"gorro3.jpg"
		]
	}
]